{"FN": 197, "FP": 619, "TN": 282294, "TP": 126, "best-f1": 0.23595083247943766, "best_valid_loss": -114.2922923262366, "far": 0.0021879517731599467, "fdr": 0.39009287925696595, "latency": -3.0, "precision": 0.1691275145083555, "pred_time": 0.02745840036614579, "pred_total_time": 19.379663228988647, "recall": 0.3900928671797874, "threshold": -3.0, "train_time": 545.7322886645794, "valid_time": 0.022022541272043936}