{"FN": 282004, "FP": 147, "TN": 0.45510834504308534, "TP": 0.1392045441363206, "best-f1": 0.21319437920969533, "latency": 3.333317460393046, "pot-FN": 279264, "pot-FP": 196, "pot-TN": 0.6068111267241137, "pot-TP": 0.0509752924552008, "pot-f1": 0.09404847380721142, "pot-latency": 1.8928503826772047, "pot-precision": 0.6068111455108359, "pot-recall": 0.012897958029500235, "pot-threshold": 39.618618819210496, "precision": 0.4551083591331269, "pred_time": 0.027259716259434894, "pred_total_time": 19.567190885543823, "recall": 0.0032130018769020866, "threshold": -9.0}