{"FN": 1554, "FP": 3812, "TN": 84541, "TP": 1940, "best-f1": 0.41963622315239885, "far": 0.043145111088474644, "fdr": 0.5552375500858615, "latency": -99.0, "precision": 0.33727399106871697, "pred_time": 0.026615654720979577, "pred_total_time": 6.34314751625061, "recall": 0.5552375484967442, "threshold": -99.0}