{"FN": 14, "FP": 87805, "TN": 548, "TP": 3480, "best-f1": 0.07343327841913984, "far": 0.9937976073251615, "fdr": 0.9959931310818546, "latency": -2479.0, "precision": 0.03812236402058143, "pred_time": 0.0291863574701197, "pred_total_time": 7.157052755355835, "recall": 0.9959931282312732, "threshold": -2479.0}