{"FN": 183, "FP": 488, "TN": 282425, "TP": 140, "best-f1": 0.2944224271996468, "far": 0.0017249118987109112, "fdr": 0.43343653250773995, "latency": 14.0, "precision": 0.2229299327558928, "pred_time": 0.02755375292109347, "pred_total_time": 19.838915586471558, "recall": 0.4334365190886527, "threshold": 14.0}