{"FN": 1839, "FP": 2625, "TN": 85728, "TP": 1655, "best-f1": 0.4257732852172847, "latency": 2.3803408631021954, "pot-FN": 798, "pot-FP": 12541, "pot-TN": 75812, "pot-TP": 2696, "pot-f1": 0.28786200149249275, "pot-latency": 1.3052628144045226, "pot-precision": 0.1769377172823143, "pot-recall": 0.7716084694573312, "pot-threshold": 19.841626049216703, "precision": 0.38668224208719104, "pred_time": 0.020673631453046612, "pred_total_time": 5.619782447814941, "recall": 0.47366914575366587, "threshold": -427.0}