{"FN": 282423, "FP": 147, "TN": 0.45510834504308534, "TP": 0.23076922714647996, "best-f1": 0.30624552860240356, "latency": 18.0, "pot-FN": 278980, "pot-FP": 203, "pot-TN": 0.6284829526785464, "pot-TP": 0.04908123779235678, "pot-f1": 0.09105046113819736, "pot-latency": 1.551718787176596, "pot-precision": 0.628482972136223, "pot-recall": 0.013901800200061503, "pot-threshold": 45.774959065857, "precision": 0.4551083591331269, "pred_time": 0.027346968846563832, "pred_total_time": 19.366480350494385, "recall": 0.0017319812097712018, "threshold": 18.0}