{"FN": 1568, "FP": 4929, "TN": 83424, "TP": 1926, "best-f1": 0.37220540204842983, "far": 0.05578757936912159, "fdr": 0.5512306811677161, "latency": -55.0, "precision": 0.28096280046540806, "pred_time": 0.02686741188460705, "pred_total_time": 6.368693113327026, "recall": 0.5512306795900667, "threshold": -55.0}