{"FN": 273, "FP": 2020, "TN": 11576, "TP": 395, "best-f1": 0.2562405221383657, "latency": 2.3888844650287684, "pot-FN": 0, "pot-FP": 13596, "pot-TN": 0, "pot-TP": 668, "pot-f1": 0.0894714195022163, "pot-latency": 0.0, "pot-precision": 0.04683118336593439, "pot-recall": 0.9999999850299404, "pot-threshold": -33.187259674072266, "precision": 0.1635610759272833, "pred_time": 0.08894995824400201, "pred_total_time": 29.717533826828003, "recall": 0.5913173564174049, "threshold": -2026.0}