{"FN": 267, "FP": 73, "TN": 282840, "TP": 56, "best-f1": 0.24778352080087096, "far": 0.0002580298537006076, "fdr": 0.17337461300309598, "latency": -1999.0, "pot-FN": 279713, "pot-FP": 203, "pot-TN": 0.6284829526785464, "pot-TP": 0.05965324695958493, "pot-f1": 0.10896245247227263, "pot-latency": 2.310336860907376, "pot-precision": 0.628482972136223, "pot-recall": 0.01131089769646499, "pot-threshold": 37.36099691820558, "precision": 0.4341084934799617, "pred_time": 0.02712423421674957, "pred_total_time": 19.07694363594055, "recall": 0.1733746076354611, "threshold": -1999.0}